{
    "start": "s",
    "stop": [
        "t"
    ],
    "initial_width": [
        0.18,
        0.22
    ],
    "max_recursion_depth": 14,
    "grammar": [
        {
            "input": "s",
            "output": [
                [
                    "a"
                ]
            ],
            "likelihood": [
                1
            ]
        },
        {
            "input": "a",
            "output": [
                [
                    "a",
                    "b1",
                    "b1",
                    "b1",
                    "b1",
                    "b2",
                    "b2",
                    "b2"
                ],
                [
                    "a",
                    "b1",
                    "b1",
                    "b1",
                    "b1",
                    "b2",
                    "b2"
                ]
            ],
            "likelihood": [
                1,
                1
            ]
        },
        {
            "input": "b1",
            "output": [
                [
                    "t"
                ]
            ],
            "likelihood": [
                1
            ]
        },
        {
            "input": "b2",
            "output": [
                [
                    "c1",
                    "c2"
                ]
            ],
            "likelihood": [
                1
            ]
        },
        {
            "input": "c1",
            "output": [
                [
                    "t"
                ]
            ],
            "likelihood": [
                1
            ]
        },
        {
            "input": "c2",
            "output": [
                [
                    "t"
                ]
            ],
            "likelihood": [
                1
            ]
        }
    ],
    "geometries": [
        {
            "input": "s",
            "output": "a",
            "angle": [
                [
                    0,
                    1
                ],
                [
                    0,
                    0
                ],
                [
                    0,
                    360
                ]
            ],
            "length": [
                5,
                6
            ],
            "reduce_length": 1.0,
            "reduce_width_begin": 1.0,
            "reduce_width_end": 0.95,
            "reduce_angle": [
                1.0,
                1.0,
                1.0
            ],
            "curve": [
                0.18,
                0.22
            ]
        },
        {
            "input": "a",
            "output": "a",
            "angle": [
                [
                    0,
                    1
                ],
                [
                    0,
                    0
                ],
                [
                    0,
                    360
                ]
            ],
            "length": [
                1,
                2
            ],
            "reduce_length": 0.9,
            "reduce_width_begin": 1.0,
            "reduce_width_end": 0.90,
            "reduce_angle": [
                1.0,
                1.0,
                1.0
            ],
            "curve": [
                0.18,
                0.22
            ]
        },
        {
            "input": "a",
            "output": "b1",
            "angle": [
                [
                    70,
                    80
                ],
                [
                    0,
                    0
                ],
                [
                    0,
                    360
                ]
            ],
            "length": [
                2.5,
                3.5
            ],
            "reduce_length": 0.95,
            "reduce_width_begin": 0.3,
            "reduce_width_end": 0.2,
            "reduce_angle": [
                0.90,
                1.0,
                1.0
            ],
            "curve": [
                1.8,
                2.2
            ]
        },
        {
            "input": "a",
            "output": "b2",
            "angle": [
                [
                    70,
                    80
                ],
                [
                    0,
                    0
                ],
                [
                    0,
                    360
                ]
            ],
            "length": [
                1.5,
                2.5
            ],
            "reduce_length": 0.95,
            "reduce_width_begin": 0.3,
            "reduce_width_end": 0.2,
            "reduce_angle": [
                0.90,
                1.0,
                1.0
            ],
            "curve": [
                1.8,
                2.2
            ]
        },
        {
            "input": "b2",
            "output": "c1",
            "angle": [
                [
                    2,
                    -2
                ],
                [
                    2,
                    -2
                ],
                [
                    15,
                    30
                ]
            ],
            "length": [
                1,
                2
            ],
            "reduce_length": 0.95,
            "reduce_width_begin": 1.0,
            "reduce_width_end": 0.5,
            "reduce_angle": [
                1.0,
                1.0,
                1.0
            ],
            "curve": [
                1.8,
                2.2
            ]
        },
        {
            "input": "b2",
            "output": "c2",
            "angle": [
                [
                    2,
                    -2
                ],
                [
                    2,
                    -2
                ],
                [
                    -15,
                    -30
                ]
            ],
            "length": [
                1,
                2
            ],
            "reduce_length": 0.95,
            "reduce_width_begin": 1.0,
            "reduce_width_end": 0.5,
            "reduce_angle": [
                1.0,
                1.0,
                1.0
            ],
            "curve": [
                1.8,
                2.2
            ]
        }
    ]
}
