{
    "start": "s",
    "stop": [],
    "initial_width": [
        0.08,
        0.12
    ],
    "max_recursion_depth": 10,
    "grammar": [
        {
            "input": "s",
            "output": [
                [
                    "a",
                    "a",
                    "a",
                    "a",
                    "a",
                    "a",
                    "a"
                ]
            ],
            "likelihood": [
                1
            ]
        },
        {
            "input": "a",
            "output": [
                [
                    "a"
                ]
            ],
            "likelihood": [
                1
            ]
        }
    ],
    "geometries": [
        {
            "input": "s",
            "output": "a",
            "angle": [
                [
                    0,
                    10
                ],
                [
                    0,
                    0
                ],
                [
                    0,
                    360
                ]
            ],
            "length": [
                1,
                2
            ],
            "reduce_length": 1.0,
            "reduce_width_begin": 1.0,
            "reduce_width_end": 0.90,
            "reduce_angle": [
                1.0,
                1.0,
                1.0
            ],
            "curve": [
                0.18,
                0.22
            ]
        },
        {
            "input": "a",
            "output": "a",
            "angle": [
                [
                    0,
                    2
                ],
                [
                    0,
                    0
                ],
                [
                    0,
                    360
                ]
            ],
            "length": [
                1,
                2
            ],
            "reduce_length": 0.95,
            "reduce_width_begin": 1.0,
            "reduce_width_end": 0.9,
            "reduce_angle": [
                0.9,
                1.0,
                1.0
            ],
            "curve": [
                0.18,
                0.22
            ]
        }
    ]
}
