{
    "start": "s",
    "stop": [],
    "initial_width": [
        0.08,
        0.12
    ],
    "max_recursion_depth": 4,
    "grammar": [
        {
            "input": "s",
            "output": [
                [
                    "a"
                ]
            ],
            "likelihood": [
                1
            ]
        },
        {
            "input": "a",
            "output": [
                [
                    "a",
                    "a",
                    "a"
                ],
                [
                    "a",
                    "a"
                ]
            ],
            "likelihood": [
                2,
                1
            ]
        }
    ],
    "geometries": [
        {
            "input": "s",
            "output": "a",
            "angle": [
                [
                    0,
                    30
                ],
                [
                    0,
                    0
                ],
                [
                    0,
                    360
                ]
            ],
            "length": [
                2,
                3
            ],
            "reduce_length": 1.0,
            "reduce_width_begin": 1.0,
            "reduce_width_end": 0.85,
            "reduce_angle": [
                1.0,
                1.0,
                1.0
            ],
            "curve": [
                0.8,
                1.2
            ]
        },
        {
            "input": "a",
            "output": "a",
            "angle": [
                [
                    0,
                    50
                ],
                [
                    0,
                    0
                ],
                [
                    0,
                    360
                ]
            ],
            "length": [
                2,
                3
            ],
            "reduce_length": 0.8,
            "reduce_width_begin": 1.0,
            "reduce_width_end": 0.60,
            "reduce_angle": [
                0.95,
                1.0,
                1.0
            ],
            "curve": [
                0.8,
                1.2
            ]
        }
    ]
}
