{
    "start": "s",
    "stop": [
        "t"
    ],
    "initial_width": [
        0.18,
        0.22
    ],
    "max_recursion_depth": 8,
    "grammar": [
        {
            "input": "s",
            "output": [
                [
                    "a"
                ]
            ],
            "likelihood": [
                1
            ]
        },
        {
            "input": "a",
            "output": [
                [
                    "b",
                    "b",
                    "b",
                    "b",
                    "b",
                    "b",
                    "b",
                    "b",
                    "b",
                    "b",
                    "b",
                    "b",
                    "b",
                    "b",
                    "b",
                    "b"
                ]
            ],
            "likelihood": [
                1
            ]
        },
        {
            "input": "b",
            "output": [
                [
                    "t"
                ]
            ],
            "likelihood": [
                1
            ]
        }
    ],
    "geometries": [
        {
            "input": "s",
            "output": "a",
            "angle": [
                [
                    10,
                    15
                ],
                [
                    0,
                    0
                ],
                [
                    0,
                    360
                ]
            ],
            "length": [
                8,
                9
            ],
            "reduce_length": 1.0,
            "reduce_width_begin": 1.0,
            "reduce_width_end": 0.20,
            "reduce_angle": [
                1.0,
                1.0,
                1.0
            ],
            "curve": [
                0.8,
                1.2
            ]
        },
        {
            "input": "a",
            "output": "b",
            "angle": [
                [
                    90,
                    120
                ],
                [
                    0,
                    0
                ],
                [
                    0,
                    360
                ]
            ],
            "length": [
                2,
                3
            ],
            "reduce_length": 1.0,
            "reduce_width_begin": 0.4,
            "reduce_width_end": 0.1,
            "reduce_angle": [
                1.0,
                1.0,
                1.0
            ],
            "curve": [
                0.68,
                0.72
            ]
        }
    ]
}
