{
    "start": "s",
    "stop": [],
    "initial_width": [
        0.2,
        0.2
    ],
    "max_recursion_depth": 3,
    "grammar": [
        {
            "input": "s",
            "output": [
                [
                    "a"
                ]
            ],
            "likelihood": [
                1
            ]
        },
        {
            "input": "a",
            "output": [
                [
                    "a"
                ],
                [
                    "a",
                    "a"
                ],
                [
                    "a",
                    "a",
                    "a"
                ]
            ],
            "likelihood": [
                1,
                2,
                1
            ]
        }
    ],
    "geometries": [
        {
            "input": "s",
            "output": "a",
            "angle": [
                [
                    0,
                    5
                ],
                [
                    0,
                    0
                ],
                [
                    0,
                    360
                ]
            ],
            "length": [
                6,
                7
            ],
            "reduce_length": 1.0,
            "reduce_width_begin": 1.0,
            "reduce_width_end": 0.85,
            "reduce_angle": [
                1.0,
                1.0,
                1.0
            ],
            "curve": [
                0.8,
                1.2
            ]
        },
        {
            "input": "a",
            "output": "a",
            "angle": [
                [
                    0,
                    50
                ],
                [
                    0,
                    0
                ],
                [
                    0,
                    360
                ]
            ],
            "length": [
                3,
                4
            ],
            "reduce_length": 0.8,
            "reduce_width_begin": 1.0,
            "reduce_width_end": 0.60,
            "reduce_angle": [
                0.95,
                1.0,
                1.0
            ],
            "curve": [
                0.8,
                1.2
            ]
        }
    ]
}
